﻿Event Index,UTC Timestamp,UTC Date and Time,Local Timestamp,Local Timezone,Local Date and Time,Experiment ID,Experiment Version,Tree Node Key,Repeat Key,Schedule ID,Participant Public ID,Participant Private ID,Participant Starting Group,Participant Status,Participant Completion Code,Participant External Session ID,Participant Device Type,Participant Device,Participant OS,Participant Browser,Participant Monitor Size,Participant Viewport Size,Checkpoint,Room ID,Room Order,Task Name,Task Version,branch-urwj,Randomise questionnaire elements?,Question Key,Response
1,1734453805152,17/12/2024 16:43:25,1734453804966,-5,17/12/2024 11:43:24,170312,15,questionnaire-bxwp,,42081829,BLIND,12288528,,complete,,,computer,Desktop or Laptop,Mac OS 10.15.7,Chrome 131.0.0.0,1470x956,1470x797,,,,Consent form,3,headphone_test_accept,No,BEGIN QUESTIONNAIRE,
2,1734453871531,17/12/2024 16:44:31,1734453871143,-5,17/12/2024 11:44:31,170312,15,questionnaire-bxwp,,42081829,BLIND,12288528,,complete,,,computer,Desktop or Laptop,Mac OS 10.15.7,Chrome 131.0.0.0,1470x956,1470x797,,,,Consent form,3,headphone_test_accept,No,consent,1
3,1734453871658,17/12/2024 16:44:31,1734453871145,-5,17/12/2024 11:44:31,170312,15,questionnaire-bxwp,,42081829,BLIND,12288528,,complete,,,computer,Desktop or Laptop,Mac OS 10.15.7,Chrome 131.0.0.0,1470x956,1470x797,,,,Consent form,3,headphone_test_accept,No,END QUESTIONNAIRE,66179
END OF FILE
