﻿Event Index,UTC Timestamp,UTC Date and Time,Local Timestamp,Local Timezone,Local Date and Time,Experiment ID,Experiment Version,Tree Node Key,Repeat Key,Schedule ID,Participant Public ID,Participant Private ID,Participant Starting Group,Participant Status,Participant Completion Code,Participant External Session ID,Participant Device Type,Participant Device,Participant OS,Participant Browser,Participant Monitor Size,Participant Viewport Size,Checkpoint,Room ID,Room Order,Task Name,Task Version,branch-urwj,Randomise questionnaire elements?,Question Key,Response
1,1734498017047,18/12/2024 05:00:17,1734498020144,-5,18/12/2024 00:00:20,170312,15,questionnaire-bxwp,,42090826,BLIND,12291266,,complete,,,computer,Desktop or Laptop,Windows 10,Chrome 131.0.0.0,1707x960,1707x791,,,,Consent form,3,headphone_test_accept,No,BEGIN QUESTIONNAIRE,
2,1734498031663,18/12/2024 05:00:31,1734498034810,-5,18/12/2024 00:00:34,170312,15,questionnaire-bxwp,,42090826,BLIND,12291266,,complete,,,computer,Desktop or Laptop,Windows 10,Chrome 131.0.0.0,1707x960,1691x791,,,,Consent form,3,headphone_test_accept,No,consent,1
3,1734498031790,18/12/2024 05:00:31,1734498034811,-5,18/12/2024 00:00:34,170312,15,questionnaire-bxwp,,42090826,BLIND,12291266,,complete,,,computer,Desktop or Laptop,Windows 10,Chrome 131.0.0.0,1707x960,1691x791,,,,Consent form,3,headphone_test_accept,No,END QUESTIONNAIRE,14667
END OF FILE
